observation_id,event_id,market_id,series_id,observed_at,event_date,observation_end_at,expires_at,regime,state,run_id,input_id,run_manifest_sha256,recipe_id,research_context_id,feature_source,uncertainty_source,calibration_profile_id,structural_probability_yes,blend_probability_yes,market_yes_ask,market_yes_ask_size,recorded_midpoint_anchor_probability_yes,resolution_status,unresolved_reason,outcome_yes,resolution_observed_at,settlement_ts,event_weight,structural_brier,structural_log_loss,blend_brier,blend_log_loss,market_yes_ask_brier,market_yes_ask_log_loss,recorded_midpoint_anchor_brier,recorded_midpoint_anchor_log_loss
0b3b62fe-cfc1-5449-859e-4a35e13d4b59,SYNTH-KXBTC-26SEP0821,SYNTH-KXBTC-26SEP0821-B121750,KXBTC,2026-09-08T20:40:00+00:00,2026-09-08,2026-09-08T21:00:00+00:00,2026-09-08T21:00:00+00:00,unknown,ENTER NO,0b3b62fe-cfc1-5449-859e-4a35e13d4b59,cf225f90c17e0bd2e2f540048f940c42073491278f0bbea9cd42888bcab93de1,a8a332aa1777a56544c5ff702f8a4c0324533d4d80f6a05801ed8464014966af,sha256:755269bce88fce8f5530c75df4a8574e2edd297b197d4bd3dd8d2188536a9bbd,,manual-synthetic,fixed,,0.03594691254424209,0.13865165799771464,0.42,100.0,0.41000000000000003,resolved,,1,2026-09-08T21:04:00+00:00,2026-09-08T21:02:00+00:00,1.0,0.9293983554329792,3.325712080443561,0.741920966270086,1.975790548840282,0.3364000000000001,0.8675005677047231,0.34809999999999997,0.8915981192837835
15a86eac-3fdc-5d69-a551-b1a0b7c0a3f4,SYNTH-KXBTC-26AUG2517,SYNTH-KXBTC-26AUG2517-B115250,KXBTC,2026-08-25T16:40:00+00:00,2026-08-25,2026-08-25T17:00:00+00:00,2026-08-25T17:00:00+00:00,range / typical-volatility,ENTER YES,15a86eac-3fdc-5d69-a551-b1a0b7c0a3f4,f34474e70bd9bafcb7add8c807b62fc5e0f59cf6e2990039ee2bc168f27d2bb0,1db148a15af468d32c39aa0c9d69d107e3c9fadd4418496ea8a453ca535b1132,sha256:755269bce88fce8f5530c75df4a8574e2edd297b197d4bd3dd8d2188536a9bbd,,manual-synthetic,fixed,,0.5674191154399391,0.3567861553278886,0.2,35.0,0.18999999999999997,resolved,,0,2026-08-25T17:04:00+00:00,2026-08-25T17:02:00+00:00,1.0,0.3219644525666429,0.8379859537717355,0.12729636063365626,0.44127803667224286,0.04000000000000001,0.2231435513142098,0.03609999999999999,0.21072103131565256
2624dc57-ede2-5b5e-b54e-37ef49f913ad,SYNTH-KXBTC-26SEP2217,SYNTH-KXBTC-26SEP2217-B118250,KXBTC,2026-09-22T16:40:00+00:00,2026-09-22,2026-09-22T17:00:00+00:00,2026-09-22T17:00:00+00:00,downtrend / low-volatility,ENTER NO,2624dc57-ede2-5b5e-b54e-37ef49f913ad,bf17e325e17061d82ffe754ea39af52e1d7a522517b5f7b37a111db1532ea987,7ee5bc915fbb17eb37769a05362b70b8b99bfeee65cdb7c0299989046c2b1035,sha256:755269bce88fce8f5530c75df4a8574e2edd297b197d4bd3dd8d2188536a9bbd,,manual-synthetic,fixed,,0.21933102598822773,0.3285047004884169,0.47,50.0,0.45999999999999996,resolved,,0,2026-09-22T17:04:00+00:00,2026-09-22T17:02:00+00:00,1.0,0.04810609896104863,0.2476040678883623,0.1079153382429845,0.3982482630260952,0.22089999999999999,0.6348782724359695,0.21159999999999995,0.616186139423817
3d8f2c75-9413-5b74-a0d0-a207cf50e0eb,SYNTH-KXBTC-26AUG1117,SYNTH-KXBTC-26AUG1117-B112250,KXBTC,2026-08-11T16:50:00+00:00,2026-08-11,2026-08-11T17:00:00+00:00,2026-08-11T17:00:00+00:00,downtrend / high-volatility,WATCH,3d8f2c75-9413-5b74-a0d0-a207cf50e0eb,ffad79e75552cc1dccc5d7b021f73c1dbe72260a23840e13666c011bcd0096d4,e14c938709a09e3169627a563dcc42184ccd796e2bec415bd36bbcdf268f9d0f,sha256:755269bce88fce8f5530c75df4a8574e2edd297b197d4bd3dd8d2188536a9bbd,,manual-synthetic,fixed,,0.24295117127658705,0.21529668036882577,0.2,45.0,0.18999999999999997,resolved,,0,2026-08-11T17:04:00+00:00,2026-08-11T17:02:00+00:00,0.5,0.05902527162466554,0.27832752468777594,0.046352660577836324,0.24244956941140547,0.04000000000000001,0.2231435513142098,0.03609999999999999,0.21072103131565256
488fa6e7-0700-5a11-9471-8ef248a8366f,SYNTH-KXBTC-26JUL1417,SYNTH-KXBTC-26JUL1417-B117250,KXBTC,2026-07-14T16:40:00+00:00,2026-07-14,2026-07-14T17:00:00+00:00,2026-07-14T17:00:00+00:00,uptrend / typical-volatility,ENTER YES,488fa6e7-0700-5a11-9471-8ef248a8366f,6a5bda70ce25d1b0762bbeb43c5e6651b8225945fa306e61c0d101da3c72afb9,de5d7c2c06dfdca18dab1803261b2d5ab353d1ff71da3b0681d6299506b844ea,sha256:755269bce88fce8f5530c75df4a8574e2edd297b197d4bd3dd8d2188536a9bbd,,manual-synthetic,fixed,,0.5588591488519569,0.36721200836147494,0.22,40.0,0.21,resolved,,1,2026-07-14T17:04:00+00:00,2026-07-14T17:02:00+00:00,0.3333333333333333,0.19460525055161995,0.5818578074301615,0.40042064236191804,1.0018159182610538,0.6084,1.5141277326297755,0.6241000000000001,1.5606477482646683
49821926-7a5a-5920-8c41-e1b1e4c4354c,SYNTH-KXBTC-26JUL1417,SYNTH-KXBTC-26JUL1417-B117750,KXBTC,2026-07-14T16:40:00+00:00,2026-07-14,2026-07-14T17:00:00+00:00,2026-07-14T17:00:00+00:00,uptrend / typical-volatility,WATCH,49821926-7a5a-5920-8c41-e1b1e4c4354c,fbf55e61e212ec0317f435ddbb811b63cb3a0e86191a6183f5afbe1bc994cd3a,2886847c8fa94ce5d1d17f662d4cfba665339e4f534ba2db444b7579e1c4377d,sha256:755269bce88fce8f5530c75df4a8574e2edd297b197d4bd3dd8d2188536a9bbd,,manual-synthetic,fixed,,0.1932520720387214,0.15909364579463142,0.14,60.0,0.13,resolved,,0,2026-07-14T17:04:00+00:00,2026-07-14T17:02:00+00:00,0.3333333333333333,0.03734636334725917,0.21474401643107893,0.025310788132227643,0.1732749757378131,0.019600000000000003,0.15082288973458363,0.016900000000000002,0.13926206733350766
58d63be4-867f-5744-afe2-abc4519894cd,SYNTH-KXBTC-26JUL1417,SYNTH-KXBTC-26JUL1417-B117250,KXBTC,2026-07-14T16:50:00+00:00,2026-07-14,2026-07-14T17:00:00+00:00,2026-07-14T17:00:00+00:00,uptrend / typical-volatility,ENTER YES,58d63be4-867f-5744-afe2-abc4519894cd,ae9f162e196278030057b23fdbba2808f6a611f8ab31368280c436ed99289786,4f35965e6d00e0ab1ad56a0854b6b52be46b1191fee4e70fd8445050ab0f7f10,sha256:755269bce88fce8f5530c75df4a8574e2edd297b197d4bd3dd8d2188536a9bbd,,manual-synthetic,fixed,,0.7228962023315019,0.5936563525873374,0.46,30.0,0.44999999999999996,resolved,,1,2026-07-14T17:04:00+00:00,2026-07-14T17:02:00+00:00,0.3333333333333333,0.07678651468230395,0.32448963236981765,0.16511515979262625,0.5214546580308708,0.2916,0.7765287894989963,0.30250000000000005,0.7985076962177717
927a3aca-6340-5865-92ab-324dab000e6e,SYNTH-KXBTC-26JUL2817,SYNTH-KXBTC-26JUL2817-B119250,KXBTC,2026-07-28T16:40:00+00:00,2026-07-28,2026-07-28T17:00:00+00:00,2026-07-28T17:00:00+00:00,range / low-volatility,WATCH,927a3aca-6340-5865-92ab-324dab000e6e,609a26b2153bf62b9e6d6760d5cd21f9059f409293a8b77ef93a01a842030fe7,ebc2877f37eb0eec812ac47f44d6aa06fe9b2ccfced5ee6692fda8642643b758,sha256:755269bce88fce8f5530c75df4a8574e2edd297b197d4bd3dd8d2188536a9bbd,,manual-synthetic,fixed,,0.07998180982256742,0.07483809020262741,0.08,70.0,0.07000000000000003,resolved,,0,2026-07-28T17:04:00+00:00,2026-07-28T17:02:00+00:00,0.5,0.006397089902493342,0.08336183720252119,0.005600739745176597,0.07778651916822729,0.0064,0.08338160893905106,0.004900000000000005,0.07257069283483546
a9ca42e2-95ed-5354-a6cc-0bbd8cb56bf0,SYNTH-KXBTC-26SEP2601,SYNTH-KXBTC-26SEP2601-B119750,KXBTC,2026-09-25T23:40:00+00:00,2026-09-26,2026-09-26T01:00:00+00:00,2026-09-26T01:00:00+00:00,uptrend / typical-volatility,WATCH,a9ca42e2-95ed-5354-a6cc-0bbd8cb56bf0,914265057289c8a710c86983eaac618966bd583356dccadead7d958c4d33ee90,c7f9dcfa5788411421d2fa1f36ff4cb3bbaf512b264eb9eda60ee73e37f45eaf,sha256:755269bce88fce8f5530c75df4a8574e2edd297b197d4bd3dd8d2188536a9bbd,,manual-synthetic,fixed,,0.2646985453479318,0.28681486156859465,0.32,25.0,0.31000000000000005,unresolved,outcome-after-cutoff,,,,,,,,,,,,
b2d9a5fc-ce2e-5be8-a8c5-9a22f3c65d66,SYNTH-KXBTC-26SEP0817,SYNTH-KXBTC-26SEP0817-B121250,KXBTC,2026-09-08T16:50:00+00:00,2026-09-08,2026-09-08T17:00:00+00:00,2026-09-08T17:00:00+00:00,uptrend / high-volatility,ENTER YES,b2d9a5fc-ce2e-5be8-a8c5-9a22f3c65d66,2e8134aadbd6b50ae30862472e19156fa8266e8bb3f4744ed8d3867b0df458ec,cd86cfb19222833443b7d6111e4ba191dcafc1074db09907f2d3a9a3b5eab1f1,sha256:755269bce88fce8f5530c75df4a8574e2edd297b197d4bd3dd8d2188536a9bbd,,manual-synthetic,fixed,,0.42525890170527836,0.2495356914071172,0.14,30.0,0.13,resolved,,1,2026-09-08T17:04:00+00:00,2026-09-08T17:02:00+00:00,1.0,0.3303273300690229,0.8550571150498214,0.5631966784717937,1.3881533222895543,0.7395999999999999,1.9661128563728327,0.7569,2.0402208285265546
b454b8ea-52cc-5d94-8303-11e592fbc9de,SYNTH-KXBTC-26SEP1517,SYNTH-KXBTC-26SEP1517-B117250,KXBTC,2026-09-15T16:40:00+00:00,2026-09-15,2026-09-15T17:00:00+00:00,2026-09-15T17:00:00+00:00,range / typical-volatility,WATCH,b454b8ea-52cc-5d94-8303-11e592fbc9de,63cb71fbd0c7abc027aa0623ad1aeba98595d32c8c080021da87f2284ade1dca,ebb23aeb0b3bded60ba107777a76e7fbf72d9131cc6b2ba139136cc0bb7f5617,sha256:755269bce88fce8f5530c75df4a8574e2edd297b197d4bd3dd8d2188536a9bbd,,manual-synthetic,fixed,,0.5543669116222973,0.4818037200562501,0.42,40.0,0.41000000000000003,unresolved,missing-resolution,,,,,,,,,,,,
caba6d05-cced-5bad-827f-0f90c915612b,SYNTH-KXBTC-26JUL2817,SYNTH-KXBTC-26JUL2817-B119250,KXBTC,2026-07-28T16:50:00+00:00,2026-07-28,2026-07-28T17:00:00+00:00,2026-07-28T17:00:00+00:00,range / low-volatility,WATCH,caba6d05-cced-5bad-827f-0f90c915612b,9911d53555c872267ac5e6e9006ec5cd4818264e2b6fa7ad0712e7a7c2d01f86,9b7282d258d6f26fd3455aefa0c111296a09db47e8f653169b89c26b31df2d62,sha256:755269bce88fce8f5530c75df4a8574e2edd297b197d4bd3dd8d2188536a9bbd,,manual-synthetic,fixed,,0.052460441895611276,0.05121624528754811,0.06,50.0,0.050000000000000024,resolved,,0,2026-07-28T17:04:00+00:00,2026-07-28T17:02:00+00:00,0.5,0.0027520979638828067,0.05388659291881505,0.002623103781354294,0.05257437281564173,0.0036,0.06187540371808747,0.0025000000000000022,0.051293294387550564
f815b846-c75e-5c27-bf78-912b2200ba7a,SYNTH-KXBTC-26AUG1117,SYNTH-KXBTC-26AUG1117-B111750,KXBTC,2026-08-11T16:50:00+00:00,2026-08-11,2026-08-11T17:00:00+00:00,2026-08-11T17:00:00+00:00,downtrend / high-volatility,ENTER YES,f815b846-c75e-5c27-bf78-912b2200ba7a,b355877c915f037e34e4e5b71a3d11839a890751f153ac8caeb6cc46a958d274,1f0f26ffe4dc8a1e0729d84ad5b3b7388c87c37741f9165cee85a7ede02271ae,sha256:755269bce88fce8f5530c75df4a8574e2edd297b197d4bd3dd8d2188536a9bbd,,manual-synthetic,fixed,,0.45733536696740296,0.26191931440879196,0.14,60.0,0.13,resolved,,1,2026-08-11T17:04:00+00:00,2026-08-11T17:02:00+00:00,0.5,0.2944849039444032,0.7823383126525763,0.5447630984427878,1.339718782922329,0.7395999999999999,1.9661128563728327,0.7569,2.0402208285265546
