scenario,scenario_configuration_id,observation_id,configured_latency_seconds,conservative_probability,cost_dollars,effective_cost_per_contract,event_id,executed_at,execution_latency_seconds,execution_price,fee_dollars,filled_contracts,haircut_adjusted_payout_dollars,haircut_adjusted_pnl_dollars,input_id,market_id,observed_at,outcome_yes,partial_fill,payout_dollars,raw_pnl_dollars,reason,recorded_deployment_policy_id,recorded_engine_config_id,requested_contracts,resolution_haircut_per_contract,resolution_status,run_id,run_manifest_sha256,side,slippage_dollars,spread_dollars_per_contract,state,status,suggested_max_exposure
base,c2f18ed415e6eda5e84cc7e993b506b6561e48d8ff086c083859a0ee7756a0f3,488fa6e7-0700-5a11-9471-8ef248a8366f,30,0.31721200836147495,0.9723,0.250575,SYNTH-KXBTC-26JUL1417,2026-07-14T16:40:30+00:00,30.0,0.23,0.05,4,3.96,2.9877,6a5bda70ce25d1b0762bbeb43c5e6651b8225945fa306e61c0d101da3c72afb9,SYNTH-KXBTC-26JUL1417-B117250,2026-07-14T16:40:00+00:00,1,True,4.0,3.0277,partial_fill,sha256:ab1e8ff8de288a8cb9c64c71b691b41956a5c954d7c1eb66f66409afc9e72a59,706a1758f391a4c89ee1f04b611b1a861d1984006f1547ebf53421b48aabf73f,38,0.01,resolved,488fa6e7-0700-5a11-9471-8ef248a8366f,de5d7c2c06dfdca18dab1803261b2d5ab353d1ff71da3b0681d6299506b844ea,YES,0.0023,0.020000000000000018,ENTER YES,filled,9.312
base,c2f18ed415e6eda5e84cc7e993b506b6561e48d8ff086c083859a0ee7756a0f3,49821926-7a5a-5920-8c41-e1b1e4c4354c,30,0.10909364579463142,0.0,,SYNTH-KXBTC-26JUL1417,,,,0.0,0,,,fbf55e61e212ec0317f435ddbb811b63cb3a0e86191a6183f5afbe1bc994cd3a,SYNTH-KXBTC-26JUL1417-B117750,2026-07-14T16:40:00+00:00,0,False,,,recorded_no_order,sha256:ab1e8ff8de288a8cb9c64c71b691b41956a5c954d7c1eb66f66409afc9e72a59,706a1758f391a4c89ee1f04b611b1a861d1984006f1547ebf53421b48aabf73f,0,0.01,resolved,49821926-7a5a-5920-8c41-e1b1e4c4354c,2886847c8fa94ce5d1d17f662d4cfba665339e4f534ba2db444b7579e1c4377d,YES,0.0,,WATCH,no-order,0.0
base,c2f18ed415e6eda5e84cc7e993b506b6561e48d8ff086c083859a0ee7756a0f3,58d63be4-867f-5744-afe2-abc4519894cd,30,0.5436563525873374,0.0,,SYNTH-KXBTC-26JUL1417,,,,0.0,0,,,ae9f162e196278030057b23fdbba2808f6a611f8ab31368280c436ed99289786,SYNTH-KXBTC-26JUL1417-B117250,2026-07-14T16:50:00+00:00,1,False,,,no_execution_snapshot,sha256:ab1e8ff8de288a8cb9c64c71b691b41956a5c954d7c1eb66f66409afc9e72a59,706a1758f391a4c89ee1f04b611b1a861d1984006f1547ebf53421b48aabf73f,0,0.01,resolved,58d63be4-867f-5744-afe2-abc4519894cd,4f35965e6d00e0ab1ad56a0854b6b52be46b1191fee4e70fd8445050ab0f7f10,YES,0.0,,ENTER YES,nonfill,14.3645
base,c2f18ed415e6eda5e84cc7e993b506b6561e48d8ff086c083859a0ee7756a0f3,927a3aca-6340-5865-92ab-324dab000e6e,30,0.024838090202627408,0.0,,SYNTH-KXBTC-26JUL2817,,,,0.0,0,,,609a26b2153bf62b9e6d6760d5cd21f9059f409293a8b77ef93a01a842030fe7,SYNTH-KXBTC-26JUL2817-B119250,2026-07-28T16:40:00+00:00,0,False,,,recorded_no_order,sha256:ab1e8ff8de288a8cb9c64c71b691b41956a5c954d7c1eb66f66409afc9e72a59,706a1758f391a4c89ee1f04b611b1a861d1984006f1547ebf53421b48aabf73f,0,0.01,resolved,927a3aca-6340-5865-92ab-324dab000e6e,ebc2877f37eb0eec812ac47f44d6aa06fe9b2ccfced5ee6692fda8642643b758,YES,0.0,,WATCH,no-order,0.0
base,c2f18ed415e6eda5e84cc7e993b506b6561e48d8ff086c083859a0ee7756a0f3,caba6d05-cced-5bad-827f-0f90c915612b,30,0.001216245287548108,0.0,,SYNTH-KXBTC-26JUL2817,,,,0.0,0,,,9911d53555c872267ac5e6e9006ec5cd4818264e2b6fa7ad0712e7a7c2d01f86,SYNTH-KXBTC-26JUL2817-B119250,2026-07-28T16:50:00+00:00,0,False,,,recorded_no_order,sha256:ab1e8ff8de288a8cb9c64c71b691b41956a5c954d7c1eb66f66409afc9e72a59,706a1758f391a4c89ee1f04b611b1a861d1984006f1547ebf53421b48aabf73f,0,0.01,resolved,caba6d05-cced-5bad-827f-0f90c915612b,9b7282d258d6f26fd3455aefa0c111296a09db47e8f653169b89c26b31df2d62,YES,0.0,,WATCH,no-order,0.0
base,c2f18ed415e6eda5e84cc7e993b506b6561e48d8ff086c083859a0ee7756a0f3,3d8f2c75-9413-5b74-a0d0-a207cf50e0eb,30,0.16529668036882578,0.0,,SYNTH-KXBTC-26AUG1117,,,,0.0,0,,,ffad79e75552cc1dccc5d7b021f73c1dbe72260a23840e13666c011bcd0096d4,SYNTH-KXBTC-26AUG1117-B112250,2026-08-11T16:50:00+00:00,0,False,,,recorded_no_order,sha256:ab1e8ff8de288a8cb9c64c71b691b41956a5c954d7c1eb66f66409afc9e72a59,706a1758f391a4c89ee1f04b611b1a861d1984006f1547ebf53421b48aabf73f,0,0.01,resolved,3d8f2c75-9413-5b74-a0d0-a207cf50e0eb,e14c938709a09e3169627a563dcc42184ccd796e2bec415bd36bbcdf268f9d0f,YES,0.0,,WATCH,no-order,0.0
base,c2f18ed415e6eda5e84cc7e993b506b6561e48d8ff086c083859a0ee7756a0f3,f815b846-c75e-5c27-bf78-912b2200ba7a,30,0.21191931440879197,0.3007,0.15035,SYNTH-KXBTC-26AUG1117,2026-08-11T16:50:30+00:00,30.0,0.14,0.02,2,1.98,1.6793,b355877c915f037e34e4e5b71a3d11839a890751f153ac8caeb6cc46a958d274,SYNTH-KXBTC-26AUG1117-B111750,2026-08-11T16:50:00+00:00,1,True,2.0,1.6993,partial_fill,sha256:ab1e8ff8de288a8cb9c64c71b691b41956a5c954d7c1eb66f66409afc9e72a59,706a1758f391a4c89ee1f04b611b1a861d1984006f1547ebf53421b48aabf73f,60,0.01,resolved,f815b846-c75e-5c27-bf78-912b2200ba7a,1f0f26ffe4dc8a1e0729d84ad5b3b7388c87c37741f9165cee85a7ede02271ae,YES,0.0007,0.020000000000000018,ENTER YES,filled,8.931
base,c2f18ed415e6eda5e84cc7e993b506b6561e48d8ff086c083859a0ee7756a0f3,15a86eac-3fdc-5d69-a551-b1a0b7c0a3f4,30,0.3067861553278886,0.6415,0.2205,SYNTH-KXBTC-26AUG2517,2026-08-25T16:40:30+00:00,30.0,0.2,0.04,3,-0.03,-0.6715,f34474e70bd9bafcb7add8c807b62fc5e0f59cf6e2990039ee2bc168f27d2bb0,SYNTH-KXBTC-26AUG2517-B115250,2026-08-25T16:40:00+00:00,0,True,0.0,-0.6415,partial_fill,sha256:ab1e8ff8de288a8cb9c64c71b691b41956a5c954d7c1eb66f66409afc9e72a59,706a1758f391a4c89ee1f04b611b1a861d1984006f1547ebf53421b48aabf73f,35,0.01,resolved,15a86eac-3fdc-5d69-a551-b1a0b7c0a3f4,1db148a15af468d32c39aa0c9d69d107e3c9fadd4418496ea8a453ca535b1132,YES,0.0015,0.020000000000000018,ENTER YES,filled,7.4175
base,c2f18ed415e6eda5e84cc7e993b506b6561e48d8ff086c083859a0ee7756a0f3,b2d9a5fc-ce2e-5be8-a8c5-9a22f3c65d66,30,0.1995356914071172,0.0,,SYNTH-KXBTC-26SEP0817,,30.0,,0.0,0,,,2e8134aadbd6b50ae30862472e19156fa8266e8bb3f4744ed8d3867b0df458ec,SYNTH-KXBTC-26SEP0817-B121250,2026-09-08T16:50:00+00:00,1,False,,,side_ask_unavailable,sha256:ab1e8ff8de288a8cb9c64c71b691b41956a5c954d7c1eb66f66409afc9e72a59,706a1758f391a4c89ee1f04b611b1a861d1984006f1547ebf53421b48aabf73f,0,0.01,resolved,b2d9a5fc-ce2e-5be8-a8c5-9a22f3c65d66,cd86cfb19222833443b7d6111e4ba191dcafc1074db09907f2d3a9a3b5eab1f1,YES,0.0,,ENTER YES,nonfill,4.4705
base,c2f18ed415e6eda5e84cc7e993b506b6561e48d8ff086c083859a0ee7756a0f3,0b3b62fe-cfc1-5449-859e-4a35e13d4b59,30,0.8113483420022853,6.185,0.6215,SYNTH-KXBTC-26SEP0821,2026-09-08T20:40:30+00:00,30.0,0.6,0.17,10,-0.1,-6.285,cf225f90c17e0bd2e2f540048f940c42073491278f0bbea9cd42888bcab93de1,SYNTH-KXBTC-26SEP0821-B121750,2026-09-08T20:40:00+00:00,1,True,0.0,-6.185,partial_fill,sha256:ab1e8ff8de288a8cb9c64c71b691b41956a5c954d7c1eb66f66409afc9e72a59,706a1758f391a4c89ee1f04b611b1a861d1984006f1547ebf53421b48aabf73f,100,0.01,resolved,0b3b62fe-cfc1-5449-859e-4a35e13d4b59,a8a332aa1777a56544c5ff702f8a4c0324533d4d80f6a05801ed8464014966af,NO,0.015,0.020000000000000018,ENTER NO,filled,61.83
base,c2f18ed415e6eda5e84cc7e993b506b6561e48d8ff086c083859a0ee7756a0f3,b454b8ea-52cc-5d94-8303-11e592fbc9de,30,0.4318037200562501,0.0,,SYNTH-KXBTC-26SEP1517,,,,0.0,0,,,63cb71fbd0c7abc027aa0623ad1aeba98595d32c8c080021da87f2284ade1dca,SYNTH-KXBTC-26SEP1517-B117250,2026-09-15T16:40:00+00:00,,False,,,recorded_no_order,sha256:ab1e8ff8de288a8cb9c64c71b691b41956a5c954d7c1eb66f66409afc9e72a59,706a1758f391a4c89ee1f04b611b1a861d1984006f1547ebf53421b48aabf73f,0,0.01,unresolved,b454b8ea-52cc-5d94-8303-11e592fbc9de,ebb23aeb0b3bded60ba107777a76e7fbf72d9131cc6b2ba139136cc0bb7f5617,YES,0.0,,WATCH,no-order,0.0
base,c2f18ed415e6eda5e84cc7e993b506b6561e48d8ff086c083859a0ee7756a0f3,2624dc57-ede2-5b5e-b54e-37ef49f913ad,30,0.6214952995115831,0.0,,SYNTH-KXBTC-26SEP2217,,,,0.0,0,,,bf17e325e17061d82ffe754ea39af52e1d7a522517b5f7b37a111db1532ea987,SYNTH-KXBTC-26SEP2217-B118250,2026-09-22T16:40:00+00:00,0,False,,,no_execution_snapshot,sha256:ab1e8ff8de288a8cb9c64c71b691b41956a5c954d7c1eb66f66409afc9e72a59,706a1758f391a4c89ee1f04b611b1a861d1984006f1547ebf53421b48aabf73f,0,0.01,resolved,2624dc57-ede2-5b5e-b54e-37ef49f913ad,7ee5bc915fbb17eb37769a05362b70b8b99bfeee65cdb7c0299989046c2b1035,NO,0.0,,ENTER NO,nonfill,34.1225
base,c2f18ed415e6eda5e84cc7e993b506b6561e48d8ff086c083859a0ee7756a0f3,a9ca42e2-95ed-5354-a6cc-0bbd8cb56bf0,30,0.6631851384314054,0.0,,SYNTH-KXBTC-26SEP2601,,,,0.0,0,,,914265057289c8a710c86983eaac618966bd583356dccadead7d958c4d33ee90,SYNTH-KXBTC-26SEP2601-B119750,2026-09-25T23:40:00+00:00,,False,,,recorded_no_order,sha256:ab1e8ff8de288a8cb9c64c71b691b41956a5c954d7c1eb66f66409afc9e72a59,706a1758f391a4c89ee1f04b611b1a861d1984006f1547ebf53421b48aabf73f,0,0.01,unresolved,a9ca42e2-95ed-5354-a6cc-0bbd8cb56bf0,c7f9dcfa5788411421d2fa1f36ff4cb3bbaf512b264eb9eda60ee73e37f45eaf,NO,0.0,,WATCH,no-order,0.0
adverse,d501b60931e2ceb64ab483570586a3fa6ef748bd52522c11fe7afc68b3dcdf64,488fa6e7-0700-5a11-9471-8ef248a8366f,60,0.31721200836147495,0.0,0.27125,SYNTH-KXBTC-26JUL1417,,60.0,,0.0,0,,,6a5bda70ce25d1b0762bbeb43c5e6651b8225945fa306e61c0d101da3c72afb9,SYNTH-KXBTC-26JUL1417-B117250,2026-07-14T16:40:00+00:00,1,False,,,limit_exceeded,sha256:ab1e8ff8de288a8cb9c64c71b691b41956a5c954d7c1eb66f66409afc9e72a59,706a1758f391a4c89ee1f04b611b1a861d1984006f1547ebf53421b48aabf73f,0,0.02,resolved,488fa6e7-0700-5a11-9471-8ef248a8366f,de5d7c2c06dfdca18dab1803261b2d5ab353d1ff71da3b0681d6299506b844ea,YES,0.0,0.01999999999999999,ENTER YES,nonfill,9.312
adverse,d501b60931e2ceb64ab483570586a3fa6ef748bd52522c11fe7afc68b3dcdf64,49821926-7a5a-5920-8c41-e1b1e4c4354c,60,0.10909364579463142,0.0,,SYNTH-KXBTC-26JUL1417,,,,0.0,0,,,fbf55e61e212ec0317f435ddbb811b63cb3a0e86191a6183f5afbe1bc994cd3a,SYNTH-KXBTC-26JUL1417-B117750,2026-07-14T16:40:00+00:00,0,False,,,recorded_no_order,sha256:ab1e8ff8de288a8cb9c64c71b691b41956a5c954d7c1eb66f66409afc9e72a59,706a1758f391a4c89ee1f04b611b1a861d1984006f1547ebf53421b48aabf73f,0,0.02,resolved,49821926-7a5a-5920-8c41-e1b1e4c4354c,2886847c8fa94ce5d1d17f662d4cfba665339e4f534ba2db444b7579e1c4377d,YES,0.0,,WATCH,no-order,0.0
adverse,d501b60931e2ceb64ab483570586a3fa6ef748bd52522c11fe7afc68b3dcdf64,58d63be4-867f-5744-afe2-abc4519894cd,60,0.5436563525873374,0.0,,SYNTH-KXBTC-26JUL1417,,,,0.0,0,,,ae9f162e196278030057b23fdbba2808f6a611f8ab31368280c436ed99289786,SYNTH-KXBTC-26JUL1417-B117250,2026-07-14T16:50:00+00:00,1,False,,,no_execution_snapshot,sha256:ab1e8ff8de288a8cb9c64c71b691b41956a5c954d7c1eb66f66409afc9e72a59,706a1758f391a4c89ee1f04b611b1a861d1984006f1547ebf53421b48aabf73f,0,0.02,resolved,58d63be4-867f-5744-afe2-abc4519894cd,4f35965e6d00e0ab1ad56a0854b6b52be46b1191fee4e70fd8445050ab0f7f10,YES,0.0,,ENTER YES,nonfill,14.3645
adverse,d501b60931e2ceb64ab483570586a3fa6ef748bd52522c11fe7afc68b3dcdf64,927a3aca-6340-5865-92ab-324dab000e6e,60,0.024838090202627408,0.0,,SYNTH-KXBTC-26JUL2817,,,,0.0,0,,,609a26b2153bf62b9e6d6760d5cd21f9059f409293a8b77ef93a01a842030fe7,SYNTH-KXBTC-26JUL2817-B119250,2026-07-28T16:40:00+00:00,0,False,,,recorded_no_order,sha256:ab1e8ff8de288a8cb9c64c71b691b41956a5c954d7c1eb66f66409afc9e72a59,706a1758f391a4c89ee1f04b611b1a861d1984006f1547ebf53421b48aabf73f,0,0.02,resolved,927a3aca-6340-5865-92ab-324dab000e6e,ebc2877f37eb0eec812ac47f44d6aa06fe9b2ccfced5ee6692fda8642643b758,YES,0.0,,WATCH,no-order,0.0
adverse,d501b60931e2ceb64ab483570586a3fa6ef748bd52522c11fe7afc68b3dcdf64,caba6d05-cced-5bad-827f-0f90c915612b,60,0.001216245287548108,0.0,,SYNTH-KXBTC-26JUL2817,,,,0.0,0,,,9911d53555c872267ac5e6e9006ec5cd4818264e2b6fa7ad0712e7a7c2d01f86,SYNTH-KXBTC-26JUL2817-B119250,2026-07-28T16:50:00+00:00,0,False,,,recorded_no_order,sha256:ab1e8ff8de288a8cb9c64c71b691b41956a5c954d7c1eb66f66409afc9e72a59,706a1758f391a4c89ee1f04b611b1a861d1984006f1547ebf53421b48aabf73f,0,0.02,resolved,caba6d05-cced-5bad-827f-0f90c915612b,9b7282d258d6f26fd3455aefa0c111296a09db47e8f653169b89c26b31df2d62,YES,0.0,,WATCH,no-order,0.0
adverse,d501b60931e2ceb64ab483570586a3fa6ef748bd52522c11fe7afc68b3dcdf64,3d8f2c75-9413-5b74-a0d0-a207cf50e0eb,60,0.16529668036882578,0.0,,SYNTH-KXBTC-26AUG1117,,,,0.0,0,,,ffad79e75552cc1dccc5d7b021f73c1dbe72260a23840e13666c011bcd0096d4,SYNTH-KXBTC-26AUG1117-B112250,2026-08-11T16:50:00+00:00,0,False,,,recorded_no_order,sha256:ab1e8ff8de288a8cb9c64c71b691b41956a5c954d7c1eb66f66409afc9e72a59,706a1758f391a4c89ee1f04b611b1a861d1984006f1547ebf53421b48aabf73f,0,0.02,resolved,3d8f2c75-9413-5b74-a0d0-a207cf50e0eb,e14c938709a09e3169627a563dcc42184ccd796e2bec415bd36bbcdf268f9d0f,YES,0.0,,WATCH,no-order,0.0
adverse,d501b60931e2ceb64ab483570586a3fa6ef748bd52522c11fe7afc68b3dcdf64,f815b846-c75e-5c27-bf78-912b2200ba7a,60,0.21191931440879197,0.1607,0.1607,SYNTH-KXBTC-26AUG1117,2026-08-11T16:51:00+00:00,60.0,0.14,0.02,1,0.98,0.8193,b355877c915f037e34e4e5b71a3d11839a890751f153ac8caeb6cc46a958d274,SYNTH-KXBTC-26AUG1117-B111750,2026-08-11T16:50:00+00:00,1,True,1.0,0.8393,partial_fill,sha256:ab1e8ff8de288a8cb9c64c71b691b41956a5c954d7c1eb66f66409afc9e72a59,706a1758f391a4c89ee1f04b611b1a861d1984006f1547ebf53421b48aabf73f,58,0.02,resolved,f815b846-c75e-5c27-bf78-912b2200ba7a,1f0f26ffe4dc8a1e0729d84ad5b3b7388c87c37741f9165cee85a7ede02271ae,YES,0.0007,0.020000000000000018,ENTER YES,filled,8.931
adverse,d501b60931e2ceb64ab483570586a3fa6ef748bd52522c11fe7afc68b3dcdf64,15a86eac-3fdc-5d69-a551-b1a0b7c0a3f4,60,0.3067861553278886,0.663,0.221,SYNTH-KXBTC-26AUG2517,2026-08-25T16:41:00+00:00,60.0,0.2,0.06,3,-0.06,-0.723,f34474e70bd9bafcb7add8c807b62fc5e0f59cf6e2990039ee2bc168f27d2bb0,SYNTH-KXBTC-26AUG2517-B115250,2026-08-25T16:40:00+00:00,0,True,0.0,-0.663,partial_fill,sha256:ab1e8ff8de288a8cb9c64c71b691b41956a5c954d7c1eb66f66409afc9e72a59,706a1758f391a4c89ee1f04b611b1a861d1984006f1547ebf53421b48aabf73f,34,0.02,resolved,15a86eac-3fdc-5d69-a551-b1a0b7c0a3f4,1db148a15af468d32c39aa0c9d69d107e3c9fadd4418496ea8a453ca535b1132,YES,0.003,0.020000000000000018,ENTER YES,filled,7.4175
adverse,d501b60931e2ceb64ab483570586a3fa6ef748bd52522c11fe7afc68b3dcdf64,b2d9a5fc-ce2e-5be8-a8c5-9a22f3c65d66,60,0.1995356914071172,0.0,,SYNTH-KXBTC-26SEP0817,,60.0,,0.0,0,,,2e8134aadbd6b50ae30862472e19156fa8266e8bb3f4744ed8d3867b0df458ec,SYNTH-KXBTC-26SEP0817-B121250,2026-09-08T16:50:00+00:00,1,False,,,side_ask_unavailable,sha256:ab1e8ff8de288a8cb9c64c71b691b41956a5c954d7c1eb66f66409afc9e72a59,706a1758f391a4c89ee1f04b611b1a861d1984006f1547ebf53421b48aabf73f,0,0.02,resolved,b2d9a5fc-ce2e-5be8-a8c5-9a22f3c65d66,cd86cfb19222833443b7d6111e4ba191dcafc1074db09907f2d3a9a3b5eab1f1,YES,0.0,,ENTER YES,nonfill,4.4705
adverse,d501b60931e2ceb64ab483570586a3fa6ef748bd52522c11fe7afc68b3dcdf64,0b3b62fe-cfc1-5449-859e-4a35e13d4b59,60,0.8113483420022853,6.29,0.633,SYNTH-KXBTC-26SEP0821,2026-09-08T20:41:00+00:00,60.0,0.6,0.26,10,-0.2,-6.49,cf225f90c17e0bd2e2f540048f940c42073491278f0bbea9cd42888bcab93de1,SYNTH-KXBTC-26SEP0821-B121750,2026-09-08T20:40:00+00:00,1,True,0.0,-6.29,partial_fill,sha256:ab1e8ff8de288a8cb9c64c71b691b41956a5c954d7c1eb66f66409afc9e72a59,706a1758f391a4c89ee1f04b611b1a861d1984006f1547ebf53421b48aabf73f,98,0.02,resolved,0b3b62fe-cfc1-5449-859e-4a35e13d4b59,a8a332aa1777a56544c5ff702f8a4c0324533d4d80f6a05801ed8464014966af,NO,0.03,0.020000000000000018,ENTER NO,filled,61.83
adverse,d501b60931e2ceb64ab483570586a3fa6ef748bd52522c11fe7afc68b3dcdf64,b454b8ea-52cc-5d94-8303-11e592fbc9de,60,0.4318037200562501,0.0,,SYNTH-KXBTC-26SEP1517,,,,0.0,0,,,63cb71fbd0c7abc027aa0623ad1aeba98595d32c8c080021da87f2284ade1dca,SYNTH-KXBTC-26SEP1517-B117250,2026-09-15T16:40:00+00:00,,False,,,recorded_no_order,sha256:ab1e8ff8de288a8cb9c64c71b691b41956a5c954d7c1eb66f66409afc9e72a59,706a1758f391a4c89ee1f04b611b1a861d1984006f1547ebf53421b48aabf73f,0,0.02,unresolved,b454b8ea-52cc-5d94-8303-11e592fbc9de,ebb23aeb0b3bded60ba107777a76e7fbf72d9131cc6b2ba139136cc0bb7f5617,YES,0.0,,WATCH,no-order,0.0
adverse,d501b60931e2ceb64ab483570586a3fa6ef748bd52522c11fe7afc68b3dcdf64,2624dc57-ede2-5b5e-b54e-37ef49f913ad,60,0.6214952995115831,0.0,,SYNTH-KXBTC-26SEP2217,,,,0.0,0,,,bf17e325e17061d82ffe754ea39af52e1d7a522517b5f7b37a111db1532ea987,SYNTH-KXBTC-26SEP2217-B118250,2026-09-22T16:40:00+00:00,0,False,,,no_execution_snapshot,sha256:ab1e8ff8de288a8cb9c64c71b691b41956a5c954d7c1eb66f66409afc9e72a59,706a1758f391a4c89ee1f04b611b1a861d1984006f1547ebf53421b48aabf73f,0,0.02,resolved,2624dc57-ede2-5b5e-b54e-37ef49f913ad,7ee5bc915fbb17eb37769a05362b70b8b99bfeee65cdb7c0299989046c2b1035,NO,0.0,,ENTER NO,nonfill,34.1225
adverse,d501b60931e2ceb64ab483570586a3fa6ef748bd52522c11fe7afc68b3dcdf64,a9ca42e2-95ed-5354-a6cc-0bbd8cb56bf0,60,0.6631851384314054,0.0,,SYNTH-KXBTC-26SEP2601,,,,0.0,0,,,914265057289c8a710c86983eaac618966bd583356dccadead7d958c4d33ee90,SYNTH-KXBTC-26SEP2601-B119750,2026-09-25T23:40:00+00:00,,False,,,recorded_no_order,sha256:ab1e8ff8de288a8cb9c64c71b691b41956a5c954d7c1eb66f66409afc9e72a59,706a1758f391a4c89ee1f04b611b1a861d1984006f1547ebf53421b48aabf73f,0,0.02,unresolved,a9ca42e2-95ed-5354-a6cc-0bbd8cb56bf0,c7f9dcfa5788411421d2fa1f36ff4cb3bbaf512b264eb9eda60ee73e37f45eaf,NO,0.0,,WATCH,no-order,0.0
severe,88ec93d3727afe4c2f9c28cbb1d6670fb0840b15d2ffe9396b8147fa200851a4,488fa6e7-0700-5a11-9471-8ef248a8366f,120,0.31721200836147495,0.0,0.3935,SYNTH-KXBTC-26JUL1417,,120.0,,0.0,0,,,6a5bda70ce25d1b0762bbeb43c5e6651b8225945fa306e61c0d101da3c72afb9,SYNTH-KXBTC-26JUL1417-B117250,2026-07-14T16:40:00+00:00,1,False,,,limit_exceeded,sha256:ab1e8ff8de288a8cb9c64c71b691b41956a5c954d7c1eb66f66409afc9e72a59,706a1758f391a4c89ee1f04b611b1a861d1984006f1547ebf53421b48aabf73f,0,0.03,resolved,488fa6e7-0700-5a11-9471-8ef248a8366f,de5d7c2c06dfdca18dab1803261b2d5ab353d1ff71da3b0681d6299506b844ea,YES,0.0,0.019999999999999962,ENTER YES,nonfill,9.312
severe,88ec93d3727afe4c2f9c28cbb1d6670fb0840b15d2ffe9396b8147fa200851a4,49821926-7a5a-5920-8c41-e1b1e4c4354c,120,0.10909364579463142,0.0,,SYNTH-KXBTC-26JUL1417,,,,0.0,0,,,fbf55e61e212ec0317f435ddbb811b63cb3a0e86191a6183f5afbe1bc994cd3a,SYNTH-KXBTC-26JUL1417-B117750,2026-07-14T16:40:00+00:00,0,False,,,recorded_no_order,sha256:ab1e8ff8de288a8cb9c64c71b691b41956a5c954d7c1eb66f66409afc9e72a59,706a1758f391a4c89ee1f04b611b1a861d1984006f1547ebf53421b48aabf73f,0,0.03,resolved,49821926-7a5a-5920-8c41-e1b1e4c4354c,2886847c8fa94ce5d1d17f662d4cfba665339e4f534ba2db444b7579e1c4377d,YES,0.0,,WATCH,no-order,0.0
severe,88ec93d3727afe4c2f9c28cbb1d6670fb0840b15d2ffe9396b8147fa200851a4,58d63be4-867f-5744-afe2-abc4519894cd,120,0.5436563525873374,0.0,,SYNTH-KXBTC-26JUL1417,,,,0.0,0,,,ae9f162e196278030057b23fdbba2808f6a611f8ab31368280c436ed99289786,SYNTH-KXBTC-26JUL1417-B117250,2026-07-14T16:50:00+00:00,1,False,,,no_execution_snapshot,sha256:ab1e8ff8de288a8cb9c64c71b691b41956a5c954d7c1eb66f66409afc9e72a59,706a1758f391a4c89ee1f04b611b1a861d1984006f1547ebf53421b48aabf73f,0,0.03,resolved,58d63be4-867f-5744-afe2-abc4519894cd,4f35965e6d00e0ab1ad56a0854b6b52be46b1191fee4e70fd8445050ab0f7f10,YES,0.0,,ENTER YES,nonfill,14.3645
severe,88ec93d3727afe4c2f9c28cbb1d6670fb0840b15d2ffe9396b8147fa200851a4,927a3aca-6340-5865-92ab-324dab000e6e,120,0.024838090202627408,0.0,,SYNTH-KXBTC-26JUL2817,,,,0.0,0,,,609a26b2153bf62b9e6d6760d5cd21f9059f409293a8b77ef93a01a842030fe7,SYNTH-KXBTC-26JUL2817-B119250,2026-07-28T16:40:00+00:00,0,False,,,recorded_no_order,sha256:ab1e8ff8de288a8cb9c64c71b691b41956a5c954d7c1eb66f66409afc9e72a59,706a1758f391a4c89ee1f04b611b1a861d1984006f1547ebf53421b48aabf73f,0,0.03,resolved,927a3aca-6340-5865-92ab-324dab000e6e,ebc2877f37eb0eec812ac47f44d6aa06fe9b2ccfced5ee6692fda8642643b758,YES,0.0,,WATCH,no-order,0.0
severe,88ec93d3727afe4c2f9c28cbb1d6670fb0840b15d2ffe9396b8147fa200851a4,caba6d05-cced-5bad-827f-0f90c915612b,120,0.001216245287548108,0.0,,SYNTH-KXBTC-26JUL2817,,,,0.0,0,,,9911d53555c872267ac5e6e9006ec5cd4818264e2b6fa7ad0712e7a7c2d01f86,SYNTH-KXBTC-26JUL2817-B119250,2026-07-28T16:50:00+00:00,0,False,,,recorded_no_order,sha256:ab1e8ff8de288a8cb9c64c71b691b41956a5c954d7c1eb66f66409afc9e72a59,706a1758f391a4c89ee1f04b611b1a861d1984006f1547ebf53421b48aabf73f,0,0.03,resolved,caba6d05-cced-5bad-827f-0f90c915612b,9b7282d258d6f26fd3455aefa0c111296a09db47e8f653169b89c26b31df2d62,YES,0.0,,WATCH,no-order,0.0
severe,88ec93d3727afe4c2f9c28cbb1d6670fb0840b15d2ffe9396b8147fa200851a4,3d8f2c75-9413-5b74-a0d0-a207cf50e0eb,120,0.16529668036882578,0.0,,SYNTH-KXBTC-26AUG1117,,,,0.0,0,,,ffad79e75552cc1dccc5d7b021f73c1dbe72260a23840e13666c011bcd0096d4,SYNTH-KXBTC-26AUG1117-B112250,2026-08-11T16:50:00+00:00,0,False,,,recorded_no_order,sha256:ab1e8ff8de288a8cb9c64c71b691b41956a5c954d7c1eb66f66409afc9e72a59,706a1758f391a4c89ee1f04b611b1a861d1984006f1547ebf53421b48aabf73f,0,0.03,resolved,3d8f2c75-9413-5b74-a0d0-a207cf50e0eb,e14c938709a09e3169627a563dcc42184ccd796e2bec415bd36bbcdf268f9d0f,YES,0.0,,WATCH,no-order,0.0
severe,88ec93d3727afe4c2f9c28cbb1d6670fb0840b15d2ffe9396b8147fa200851a4,f815b846-c75e-5c27-bf78-912b2200ba7a,120,0.21191931440879197,0.0,0.1614,SYNTH-KXBTC-26AUG1117,,120.0,,0.0,0,,,b355877c915f037e34e4e5b71a3d11839a890751f153ac8caeb6cc46a958d274,SYNTH-KXBTC-26AUG1117-B111750,2026-08-11T16:50:00+00:00,1,False,,,limit_exceeded,sha256:ab1e8ff8de288a8cb9c64c71b691b41956a5c954d7c1eb66f66409afc9e72a59,706a1758f391a4c89ee1f04b611b1a861d1984006f1547ebf53421b48aabf73f,0,0.03,resolved,f815b846-c75e-5c27-bf78-912b2200ba7a,1f0f26ffe4dc8a1e0729d84ad5b3b7388c87c37741f9165cee85a7ede02271ae,YES,0.0,0.020000000000000018,ENTER YES,nonfill,8.931
severe,88ec93d3727afe4c2f9c28cbb1d6670fb0840b15d2ffe9396b8147fa200851a4,15a86eac-3fdc-5d69-a551-b1a0b7c0a3f4,120,0.3067861553278886,0.676,0.232,SYNTH-KXBTC-26AUG2517,2026-08-25T16:42:00+00:00,120.0,0.2,0.07,3,-0.09,-0.766,f34474e70bd9bafcb7add8c807b62fc5e0f59cf6e2990039ee2bc168f27d2bb0,SYNTH-KXBTC-26AUG2517-B115250,2026-08-25T16:40:00+00:00,0,True,0.0,-0.676,partial_fill,sha256:ab1e8ff8de288a8cb9c64c71b691b41956a5c954d7c1eb66f66409afc9e72a59,706a1758f391a4c89ee1f04b611b1a861d1984006f1547ebf53421b48aabf73f,33,0.03,resolved,15a86eac-3fdc-5d69-a551-b1a0b7c0a3f4,1db148a15af468d32c39aa0c9d69d107e3c9fadd4418496ea8a453ca535b1132,YES,0.006,0.020000000000000018,ENTER YES,filled,7.4175
severe,88ec93d3727afe4c2f9c28cbb1d6670fb0840b15d2ffe9396b8147fa200851a4,b2d9a5fc-ce2e-5be8-a8c5-9a22f3c65d66,120,0.1995356914071172,0.0,,SYNTH-KXBTC-26SEP0817,,120.0,,0.0,0,,,2e8134aadbd6b50ae30862472e19156fa8266e8bb3f4744ed8d3867b0df458ec,SYNTH-KXBTC-26SEP0817-B121250,2026-09-08T16:50:00+00:00,1,False,,,side_ask_unavailable,sha256:ab1e8ff8de288a8cb9c64c71b691b41956a5c954d7c1eb66f66409afc9e72a59,706a1758f391a4c89ee1f04b611b1a861d1984006f1547ebf53421b48aabf73f,0,0.03,resolved,b2d9a5fc-ce2e-5be8-a8c5-9a22f3c65d66,cd86cfb19222833443b7d6111e4ba191dcafc1074db09907f2d3a9a3b5eab1f1,YES,0.0,,ENTER YES,nonfill,4.4705
severe,88ec93d3727afe4c2f9c28cbb1d6670fb0840b15d2ffe9396b8147fa200851a4,0b3b62fe-cfc1-5449-859e-4a35e13d4b59,120,0.8113483420022853,6.4,0.646,SYNTH-KXBTC-26SEP0821,2026-09-08T20:42:00+00:00,120.0,0.6,0.34,10,-0.3,-6.7,cf225f90c17e0bd2e2f540048f940c42073491278f0bbea9cd42888bcab93de1,SYNTH-KXBTC-26SEP0821-B121750,2026-09-08T20:40:00+00:00,1,True,0.0,-6.4,partial_fill,sha256:ab1e8ff8de288a8cb9c64c71b691b41956a5c954d7c1eb66f66409afc9e72a59,706a1758f391a4c89ee1f04b611b1a861d1984006f1547ebf53421b48aabf73f,96,0.03,resolved,0b3b62fe-cfc1-5449-859e-4a35e13d4b59,a8a332aa1777a56544c5ff702f8a4c0324533d4d80f6a05801ed8464014966af,NO,0.06,0.020000000000000018,ENTER NO,filled,61.83
severe,88ec93d3727afe4c2f9c28cbb1d6670fb0840b15d2ffe9396b8147fa200851a4,b454b8ea-52cc-5d94-8303-11e592fbc9de,120,0.4318037200562501,0.0,,SYNTH-KXBTC-26SEP1517,,,,0.0,0,,,63cb71fbd0c7abc027aa0623ad1aeba98595d32c8c080021da87f2284ade1dca,SYNTH-KXBTC-26SEP1517-B117250,2026-09-15T16:40:00+00:00,,False,,,recorded_no_order,sha256:ab1e8ff8de288a8cb9c64c71b691b41956a5c954d7c1eb66f66409afc9e72a59,706a1758f391a4c89ee1f04b611b1a861d1984006f1547ebf53421b48aabf73f,0,0.03,unresolved,b454b8ea-52cc-5d94-8303-11e592fbc9de,ebb23aeb0b3bded60ba107777a76e7fbf72d9131cc6b2ba139136cc0bb7f5617,YES,0.0,,WATCH,no-order,0.0
severe,88ec93d3727afe4c2f9c28cbb1d6670fb0840b15d2ffe9396b8147fa200851a4,2624dc57-ede2-5b5e-b54e-37ef49f913ad,120,0.6214952995115831,0.0,,SYNTH-KXBTC-26SEP2217,,,,0.0,0,,,bf17e325e17061d82ffe754ea39af52e1d7a522517b5f7b37a111db1532ea987,SYNTH-KXBTC-26SEP2217-B118250,2026-09-22T16:40:00+00:00,0,False,,,no_execution_snapshot,sha256:ab1e8ff8de288a8cb9c64c71b691b41956a5c954d7c1eb66f66409afc9e72a59,706a1758f391a4c89ee1f04b611b1a861d1984006f1547ebf53421b48aabf73f,0,0.03,resolved,2624dc57-ede2-5b5e-b54e-37ef49f913ad,7ee5bc915fbb17eb37769a05362b70b8b99bfeee65cdb7c0299989046c2b1035,NO,0.0,,ENTER NO,nonfill,34.1225
severe,88ec93d3727afe4c2f9c28cbb1d6670fb0840b15d2ffe9396b8147fa200851a4,a9ca42e2-95ed-5354-a6cc-0bbd8cb56bf0,120,0.6631851384314054,0.0,,SYNTH-KXBTC-26SEP2601,,,,0.0,0,,,914265057289c8a710c86983eaac618966bd583356dccadead7d958c4d33ee90,SYNTH-KXBTC-26SEP2601-B119750,2026-09-25T23:40:00+00:00,,False,,,recorded_no_order,sha256:ab1e8ff8de288a8cb9c64c71b691b41956a5c954d7c1eb66f66409afc9e72a59,706a1758f391a4c89ee1f04b611b1a861d1984006f1547ebf53421b48aabf73f,0,0.03,unresolved,a9ca42e2-95ed-5354-a6cc-0bbd8cb56bf0,c7f9dcfa5788411421d2fa1f36ff4cb3bbaf512b264eb9eda60ee73e37f45eaf,NO,0.0,,WATCH,no-order,0.0
